-- 011_seed_menu_catalog.sql
-- Run after scripts/010_menu_catalog.sql
-- Intended for the initial import of the current sandelimenuapp catalog.
-- Safe to re-run for the same seeded records because it uses ON CONFLICT by id.
-- If you already created menu items manually, review duplicates before running.

INSERT INTO menu_categories (
  id,
  title,
  blurb,
  icon_key,
  banner_image_url,
  sort_order,
  created_at,
  updated_at
)
VALUES
  ('8735a7cf-e2db-94fc-d76e-6810f7a62528'::uuid, 'Desayunos y Brunch', 'Opciones de desayuno y brunch con combinaciones de la casa.', 'breakfast', NULL, 10, NOW(), NOW()),
  ('d472a6d3-4103-2e14-d428-b85c96502f24'::uuid, 'Sandwich', 'Sandwiches artesanales con sello de la casa.', 'sandwich', NULL, 20, NOW(), NOW()),
  ('9e8821c2-bc4c-0f66-fb9e-59f13d33db83'::uuid, 'Hamburguesas', 'Linea de hamburguesas para todos los antojos.', 'burger', NULL, 30, NOW(), NOW()),
  ('9170001c-f0ab-93ea-4a15-51d6c254b681'::uuid, 'Pizzas (Keto)', 'Pizzas keto con combinaciones premium de Sandeli.', 'pizza', NULL, 40, NOW(), NOW()),
  ('22bdef24-614b-f46c-2399-bc794f0441f7'::uuid, 'Postres', 'Postres y dulces para cerrar con broche de oro.', 'dessert', NULL, 50, NOW(), NOW()),
  ('2d2910be-69d4-0017-e0de-4ea2e8ac0992'::uuid, 'Tortas por porcion', 'Porciones de tortas artesanales de la casa.', 'cake', NULL, 60, NOW(), NOW()),
  ('8f8b6df1-c22b-6644-29bc-6c4033066f24'::uuid, 'Bebidas Frias', 'Bebidas frias para refrescar y acompanar tus platos.', 'cold_drink', NULL, 70, NOW(), NOW()),
  ('e0e27c47-4296-671e-f415-66648d4e77fb'::uuid, 'Helados', 'Helados y combinaciones dulces para antojarse.', 'ice_cream', NULL, 80, NOW(), NOW()),
  ('19f0918d-3a00-6338-1f28-fe8b7906bf28'::uuid, 'Bebidas Calientes', 'Bebidas calientes para iniciar o cerrar el dia.', 'hot_drink', NULL, 90, NOW(), NOW()),
  ('dd1f9449-e456-b531-42af-14251c790387'::uuid, 'Minimarket', 'Productos para llevar y disfrutar en casa.', 'market', NULL, 100, NOW(), NOW())
ON CONFLICT (id) DO UPDATE SET
  title = EXCLUDED.title,
  blurb = EXCLUDED.blurb,
  icon_key = EXCLUDED.icon_key,
  banner_image_url = EXCLUDED.banner_image_url,
  sort_order = EXCLUDED.sort_order,
  updated_at = NOW();

INSERT INTO menu_sections (
  id,
  category_id,
  title,
  sort_order,
  created_at,
  updated_at
)
VALUES
  ('e2fbde48-659a-9782-61df-862a697d5a27'::uuid, '8735a7cf-e2db-94fc-d76e-6810f7a62528'::uuid, 'Omelettes', 10, NOW(), NOW()),
  ('754f60ba-4409-6f63-f00a-d2bcd0399daa'::uuid, '8735a7cf-e2db-94fc-d76e-6810f7a62528'::uuid, 'Huevos & Quesadillas', 20, NOW(), NOW()),
  ('cf3f0da2-df14-9ff6-2d07-10d57fe3fbad'::uuid, '8735a7cf-e2db-94fc-d76e-6810f7a62528'::uuid, 'Especiales', 30, NOW(), NOW()),
  ('7ab4eaa5-97a0-8b5f-335e-1b5f445adb17'::uuid, '8735a7cf-e2db-94fc-d76e-6810f7a62528'::uuid, 'Waffles', 40, NOW(), NOW()),
  ('f1068bbf-f67f-2fee-95a7-4291d5fe496b'::uuid, '8735a7cf-e2db-94fc-d76e-6810f7a62528'::uuid, 'Pancake & Bowl', 50, NOW(), NOW()),
  ('9a3b7562-c1dd-87d8-ae21-634b6f94b111'::uuid, '8735a7cf-e2db-94fc-d76e-6810f7a62528'::uuid, 'Arepas de Maiz', 60, NOW(), NOW()),
  ('6bc8792e-1dd6-f713-0392-0f43945430f3'::uuid, '8735a7cf-e2db-94fc-d76e-6810f7a62528'::uuid, 'Arepas de Almendras', 70, NOW(), NOW()),
  ('2e09fe19-d021-4bb3-93c2-c9346a8a56fe'::uuid, '9e8821c2-bc4c-0f66-fb9e-59f13d33db83'::uuid, 'Hamburguesas', 10, NOW(), NOW()),
  ('57d3d992-7718-6130-691d-d893db095dc1'::uuid, '9e8821c2-bc4c-0f66-fb9e-59f13d33db83'::uuid, 'Hamburguesas sin pan (Keto)', 20, NOW(), NOW())
ON CONFLICT (id) DO UPDATE SET
  category_id = EXCLUDED.category_id,
  title = EXCLUDED.title,
  sort_order = EXCLUDED.sort_order,
  updated_at = NOW();

INSERT INTO menu_products (
  id,
  category_id,
  section_id,
  title,
  description,
  price_cop,
  image_url,
  sort_order,
  created_at,
  updated_at
)
VALUES
  ('081e2a77-50be-8be4-ebeb-4f2955458e5e'::uuid, '8735a7cf-e2db-94fc-d76e-6810f7a62528'::uuid, 'e2fbde48-659a-9782-61df-862a697d5a27'::uuid, 'Omelette Criollo', 'Preparacion de Omelette Criollo con estilo Sandeli.', 24000, '/assets/productoampliado.png', 10, NOW(), NOW()),
  ('f9ebbe54-dd00-e8ce-c514-e67376f5c817'::uuid, '8735a7cf-e2db-94fc-d76e-6810f7a62528'::uuid, 'e2fbde48-659a-9782-61df-862a697d5a27'::uuid, 'Omelette de Carne Mechada', 'Preparacion de Omelette de Carne Mechada con estilo Sandeli.', 28000, '/assets/brand-board.jpeg', 20, NOW(), NOW()),
  ('61b06fbd-51ca-9f68-28d0-9a986a044c69'::uuid, '8735a7cf-e2db-94fc-d76e-6810f7a62528'::uuid, 'e2fbde48-659a-9782-61df-862a697d5a27'::uuid, 'Omelette de Pollo Mechado', 'Preparacion de Omelette de Pollo Mechado con estilo Sandeli.', 26000, '/assets/brand-board.jpeg', 30, NOW(), NOW()),
  ('cb1d4ac6-2fa9-6a12-352e-93b5f7c68fb0'::uuid, '8735a7cf-e2db-94fc-d76e-6810f7a62528'::uuid, 'e2fbde48-659a-9782-61df-862a697d5a27'::uuid, 'Omelette de Pollo Cremoso', 'Preparacion de Omelette de Pollo Cremoso con estilo Sandeli.', 29000, '/assets/brand-board.jpeg', 40, NOW(), NOW()),
  ('0c339ccf-65e3-db30-ea1f-de7c00249472'::uuid, '8735a7cf-e2db-94fc-d76e-6810f7a62528'::uuid, 'e2fbde48-659a-9782-61df-862a697d5a27'::uuid, 'Omelette de Llanero', 'Preparacion de Omelette de Llanero con estilo Sandeli.', 27000, '/assets/brand-board.jpeg', 50, NOW(), NOW()),
  ('de17b4e1-0e94-31f7-e770-c5c78c24f8b0'::uuid, '8735a7cf-e2db-94fc-d76e-6810f7a62528'::uuid, '754f60ba-4409-6f63-f00a-d2bcd0399daa'::uuid, 'Huevos Benedictinos', 'Preparacion de Huevos Benedictinos con estilo Sandeli.', 28000, '/assets/brand-board.jpeg', 10, NOW(), NOW()),
  ('67a1022d-05c1-8469-51c9-7c26aad0bd34'::uuid, '8735a7cf-e2db-94fc-d76e-6810f7a62528'::uuid, '754f60ba-4409-6f63-f00a-d2bcd0399daa'::uuid, 'Huevos Napolitanos', 'Preparacion de Huevos Napolitanos con estilo Sandeli.', 22000, '/assets/brand-board.jpeg', 20, NOW(), NOW()),
  ('28c40e63-88fe-07c4-72ac-849187c761e6'::uuid, '8735a7cf-e2db-94fc-d76e-6810f7a62528'::uuid, '754f60ba-4409-6f63-f00a-d2bcd0399daa'::uuid, 'Huevos Turcos', 'Preparacion de Huevos Turcos con estilo Sandeli.', 22000, '/assets/brand-board.jpeg', 30, NOW(), NOW()),
  ('f3e9bd52-f2fc-ea63-b875-62cf541cc61e'::uuid, '8735a7cf-e2db-94fc-d76e-6810f7a62528'::uuid, '754f60ba-4409-6f63-f00a-d2bcd0399daa'::uuid, 'Quesadilla de Pollo', 'Preparacion de Quesadilla de Pollo con estilo Sandeli.', 27000, '/assets/brand-board.jpeg', 40, NOW(), NOW()),
  ('f77afc81-6d4f-3abf-d952-061f7b070c8c'::uuid, '8735a7cf-e2db-94fc-d76e-6810f7a62528'::uuid, 'cf3f0da2-df14-9ff6-2d07-10d57fe3fbad'::uuid, 'Desayuno de la Casa', 'Preparacion de Desayuno de la Casa con estilo Sandeli.', 26000, '/assets/brand-board.jpeg', 10, NOW(), NOW()),
  ('0cdabe1d-d591-596b-6aea-11da2af15dd1'::uuid, '8735a7cf-e2db-94fc-d76e-6810f7a62528'::uuid, 'cf3f0da2-df14-9ff6-2d07-10d57fe3fbad'::uuid, 'Desayuno Andino', 'Preparacion de Desayuno Andino con estilo Sandeli.', 26000, '/assets/brand-board.jpeg', 20, NOW(), NOW()),
  ('c0650492-c4ad-8330-9285-bac631cbc587'::uuid, '8735a7cf-e2db-94fc-d76e-6810f7a62528'::uuid, 'cf3f0da2-df14-9ff6-2d07-10d57fe3fbad'::uuid, 'Desayuno Costeno', 'Preparacion de Desayuno Costeno con estilo Sandeli.', 24000, '/assets/brand-board.jpeg', 30, NOW(), NOW()),
  ('d6f8493e-81a2-8482-1af5-8c55a5a3a9da'::uuid, '8735a7cf-e2db-94fc-d76e-6810f7a62528'::uuid, 'cf3f0da2-df14-9ff6-2d07-10d57fe3fbad'::uuid, 'Desayuno Americano', 'Preparacion de Desayuno Americano con estilo Sandeli.', 23000, '/assets/brand-board.jpeg', 40, NOW(), NOW()),
  ('1113741d-c527-8553-cdd9-4bc0925fae59'::uuid, '8735a7cf-e2db-94fc-d76e-6810f7a62528'::uuid, 'cf3f0da2-df14-9ff6-2d07-10d57fe3fbad'::uuid, 'Choripan', 'Preparacion de Choripan con estilo Sandeli.', 14000, '/assets/brand-board.jpeg', 50, NOW(), NOW()),
  ('f8fcaf3e-ba8f-cded-8e30-c07f1a3eb2e4'::uuid, '8735a7cf-e2db-94fc-d76e-6810f7a62528'::uuid, '7ab4eaa5-97a0-8b5f-335e-1b5f445adb17'::uuid, 'Waffle de Queso', 'Preparacion de Waffle de Queso con estilo Sandeli.', 25000, '/assets/waffle-queso.jpg', 10, NOW(), NOW()),
  ('af65bb43-eb8e-7758-5bfb-2e7f7fe45ea4'::uuid, '8735a7cf-e2db-94fc-d76e-6810f7a62528'::uuid, '7ab4eaa5-97a0-8b5f-335e-1b5f445adb17'::uuid, 'Waffles Huevos Cremosos', 'Preparacion de Waffles Huevos Cremosos con estilo Sandeli.', 23000, '/assets/waffle-huevos-cremosos.jpg', 20, NOW(), NOW()),
  ('d6f39ecb-fea4-9f7a-fbb2-f95db11919b6'::uuid, '8735a7cf-e2db-94fc-d76e-6810f7a62528'::uuid, '7ab4eaa5-97a0-8b5f-335e-1b5f445adb17'::uuid, 'Waffles con frutas y Yogur Griego', 'Preparacion de Waffles con frutas y Yogur Griego con estilo Sandeli.', 24000, '/assets/waffles-frutas-yogur-griego.jpg', 30, NOW(), NOW()),
  ('f341c93c-bcb8-fcfe-7d13-738212e167fc'::uuid, '8735a7cf-e2db-94fc-d76e-6810f7a62528'::uuid, '7ab4eaa5-97a0-8b5f-335e-1b5f445adb17'::uuid, 'Waffles con frutas y Helado', 'Preparacion de Waffles con frutas y Helado con estilo Sandeli.', 29000, '/assets/waffles-frutas-helado.jpg', 40, NOW(), NOW()),
  ('60a44921-4113-8d6c-4cf3-a6429b68032f'::uuid, '8735a7cf-e2db-94fc-d76e-6810f7a62528'::uuid, 'f1068bbf-f67f-2fee-95a7-4291d5fe496b'::uuid, 'Pancake Pistacho', 'Preparacion de Pancake Pistacho con estilo Sandeli.', 26000, '/assets/brand-board.jpeg', 10, NOW(), NOW()),
  ('1179e1e6-d007-2311-3457-258541ea9e4c'::uuid, '8735a7cf-e2db-94fc-d76e-6810f7a62528'::uuid, 'f1068bbf-f67f-2fee-95a7-4291d5fe496b'::uuid, 'Pancake Chocofruta', 'Preparacion de Pancake Chocofruta con estilo Sandeli.', 26000, '/assets/brand-board.jpeg', 20, NOW(), NOW()),
  ('0377e0d2-c5a3-212d-0229-b53d77a2fa94'::uuid, '8735a7cf-e2db-94fc-d76e-6810f7a62528'::uuid, 'f1068bbf-f67f-2fee-95a7-4291d5fe496b'::uuid, 'Bowl de Frutos Rojos', 'Preparacion de Bowl de Frutos Rojos con estilo Sandeli.', 25000, '/assets/brand-board.jpeg', 30, NOW(), NOW()),
  ('5778fa6f-7ba8-aab0-4e5b-a8049372ccfb'::uuid, '8735a7cf-e2db-94fc-d76e-6810f7a62528'::uuid, '9a3b7562-c1dd-87d8-ae21-634b6f94b111'::uuid, 'Mix de Queso', 'Preparacion de Mix de Queso con estilo Sandeli.', 9500, '/assets/brand-board.jpeg', 10, NOW(), NOW()),
  ('d12ce6c8-77e6-b1ad-8aa0-3b4c88faec0d'::uuid, '8735a7cf-e2db-94fc-d76e-6810f7a62528'::uuid, '9a3b7562-c1dd-87d8-ae21-634b6f94b111'::uuid, 'Carne Mechada y Mix de Quesos', 'Preparacion de Carne Mechada y Mix de Quesos con estilo Sandeli.', 12500, '/assets/arepa-maiz-carne-queso.jpg', 20, NOW(), NOW()),
  ('12503332-3dff-cd4b-e290-e2f0d74cbc15'::uuid, '8735a7cf-e2db-94fc-d76e-6810f7a62528'::uuid, '9a3b7562-c1dd-87d8-ae21-634b6f94b111'::uuid, 'Pollo Mechado y Mix de Quesos', 'Preparacion de Pollo Mechado y Mix de Quesos con estilo Sandeli.', 12500, '/assets/brand-board.jpeg', 30, NOW(), NOW()),
  ('353d8b76-0d48-d282-4f75-00a6c98194b5'::uuid, '8735a7cf-e2db-94fc-d76e-6810f7a62528'::uuid, '9a3b7562-c1dd-87d8-ae21-634b6f94b111'::uuid, 'Solo Carne', 'Preparacion de Solo Carne con estilo Sandeli.', 16000, '/assets/brand-board.jpeg', 40, NOW(), NOW()),
  ('3c6ccde3-4653-a965-906f-d285094fc29d'::uuid, '8735a7cf-e2db-94fc-d76e-6810f7a62528'::uuid, '9a3b7562-c1dd-87d8-ae21-634b6f94b111'::uuid, 'Solo Pollo', 'Preparacion de Solo Pollo con estilo Sandeli.', 15000, '/assets/brand-board.jpeg', 50, NOW(), NOW()),
  ('4c2e5922-96be-3056-8a1c-02049e82defb'::uuid, '8735a7cf-e2db-94fc-d76e-6810f7a62528'::uuid, '9a3b7562-c1dd-87d8-ae21-634b6f94b111'::uuid, 'Pollo Cremoso', 'Preparacion de Pollo Cremoso con estilo Sandeli.', 16000, '/assets/arepa-maiz-pollo-cremoso.jpg', 60, NOW(), NOW()),
  ('06148247-9138-0b04-4a84-1483ae02b25f'::uuid, '8735a7cf-e2db-94fc-d76e-6810f7a62528'::uuid, '9a3b7562-c1dd-87d8-ae21-634b6f94b111'::uuid, 'Mixta (Carne y Pollo)', 'Preparacion de Mixta (Carne y Pollo) con estilo Sandeli.', 16000, '/assets/brand-board.jpeg', 70, NOW(), NOW()),
  ('c086b5ac-d602-afbd-12ba-d22f11d23f9f'::uuid, '8735a7cf-e2db-94fc-d76e-6810f7a62528'::uuid, '6bc8792e-1dd6-f713-0392-0f43945430f3'::uuid, 'Mix de Queso', 'Preparacion de Mix de Queso con estilo Sandeli.', 13000, '/assets/brand-board.jpeg', 10, NOW(), NOW()),
  ('122804f6-bb49-2ad9-be2e-754b02d27ad5'::uuid, '8735a7cf-e2db-94fc-d76e-6810f7a62528'::uuid, '6bc8792e-1dd6-f713-0392-0f43945430f3'::uuid, 'Carne Mechada y Mix de Quesos', 'Preparacion de Carne Mechada y Mix de Quesos con estilo Sandeli.', 16000, '/assets/arepa-almendras-carne-queso.jpg', 20, NOW(), NOW()),
  ('9f405f80-ad5c-03e1-d52b-169c792cb6a9'::uuid, '8735a7cf-e2db-94fc-d76e-6810f7a62528'::uuid, '6bc8792e-1dd6-f713-0392-0f43945430f3'::uuid, 'Pollo Mechado y Mix de Quesos', 'Preparacion de Pollo Mechado y Mix de Quesos con estilo Sandeli.', 16000, '/assets/brand-board.jpeg', 30, NOW(), NOW()),
  ('c5bd5ad4-c3d1-8fff-e3ad-eb2d66a14c41'::uuid, '8735a7cf-e2db-94fc-d76e-6810f7a62528'::uuid, '6bc8792e-1dd6-f713-0392-0f43945430f3'::uuid, 'Solo Carne', 'Preparacion de Solo Carne con estilo Sandeli.', 17000, '/assets/brand-board.jpeg', 40, NOW(), NOW()),
  ('a156d5d3-5a36-962d-8a03-6f3d7e9b4447'::uuid, '8735a7cf-e2db-94fc-d76e-6810f7a62528'::uuid, '6bc8792e-1dd6-f713-0392-0f43945430f3'::uuid, 'Solo Pollo', 'Preparacion de Solo Pollo con estilo Sandeli.', 17000, '/assets/brand-board.jpeg', 50, NOW(), NOW()),
  ('cbfbecec-ed98-9e8f-5a9e-ffc68d93fe7e'::uuid, '8735a7cf-e2db-94fc-d76e-6810f7a62528'::uuid, '6bc8792e-1dd6-f713-0392-0f43945430f3'::uuid, 'Pollo Cremoso', 'Preparacion de Pollo Cremoso con estilo Sandeli.', 17000, '/assets/arepa-almendras-pollo-cremoso.jpg', 60, NOW(), NOW()),
  ('cc6abc4a-c0db-c381-db19-802937ffe844'::uuid, '8735a7cf-e2db-94fc-d76e-6810f7a62528'::uuid, '6bc8792e-1dd6-f713-0392-0f43945430f3'::uuid, 'Mixta (Carne y Pollo)', 'Preparacion de Mixta (Carne y Pollo) con estilo Sandeli.', 17000, '/assets/brand-board.jpeg', 70, NOW(), NOW()),
  ('7052de50-7e35-129a-4177-732134653c80'::uuid, 'd472a6d3-4103-2e14-d428-b85c96502f24'::uuid, NULL, 'Sandwich Bondiola', 'Preparacion de Sandwich Bondiola con estilo Sandeli.', 28000, '/assets/sandwich-bondiola.jpg', 10, NOW(), NOW()),
  ('d80bb58c-8032-7642-a7a8-8ee068a567cc'::uuid, 'd472a6d3-4103-2e14-d428-b85c96502f24'::uuid, NULL, 'Sandwich de Pollo', 'Preparacion de Sandwich de Pollo con estilo Sandeli.', 29000, '/assets/sandwich-pollo.jpg', 20, NOW(), NOW()),
  ('64047ea2-1d73-8777-f3be-dfb9df3f090b'::uuid, 'd472a6d3-4103-2e14-d428-b85c96502f24'::uuid, NULL, 'Sandwich Monserrat', 'Preparacion de Sandwich Monserrat con estilo Sandeli.', 28000, '/assets/brand-board.jpeg', 30, NOW(), NOW()),
  ('bf56979a-f268-9242-490f-b705274a01f2'::uuid, 'd472a6d3-4103-2e14-d428-b85c96502f24'::uuid, NULL, 'Sandwichito Quesudito', 'Preparacion de Sandwichito Quesudito con estilo Sandeli.', 11000, '/assets/brand-board.jpeg', 40, NOW(), NOW()),
  ('6564ac64-c12b-1db4-cce4-607884e502db'::uuid, '9e8821c2-bc4c-0f66-fb9e-59f13d33db83'::uuid, '2e09fe19-d021-4bb3-93c2-c9346a8a56fe'::uuid, 'Hamburguesa de Carne', 'Preparacion de Hamburguesa de Carne con estilo Sandeli.', 33000, '/assets/brand-board.jpeg', 10, NOW(), NOW()),
  ('904b6923-721f-2910-15a1-b102c574f9b2'::uuid, '9e8821c2-bc4c-0f66-fb9e-59f13d33db83'::uuid, '2e09fe19-d021-4bb3-93c2-c9346a8a56fe'::uuid, 'Hamburguesa con Nuggets', 'Preparacion de Hamburguesa con Nuggets con estilo Sandeli.', 39000, '/assets/brand-board.jpeg', 20, NOW(), NOW()),
  ('8700b11f-8c9d-35d4-71c1-cf73f9f840bd'::uuid, '9e8821c2-bc4c-0f66-fb9e-59f13d33db83'::uuid, '2e09fe19-d021-4bb3-93c2-c9346a8a56fe'::uuid, 'Hamburguesa de Pollo', 'Preparacion de Hamburguesa de Pollo con estilo Sandeli.', 30000, '/assets/brand-board.jpeg', 30, NOW(), NOW()),
  ('c8e75e29-6a2e-47ed-eb42-3caf1ef22232'::uuid, '9e8821c2-bc4c-0f66-fb9e-59f13d33db83'::uuid, '2e09fe19-d021-4bb3-93c2-c9346a8a56fe'::uuid, 'Hamburguesa Mixta', 'Preparacion de Hamburguesa Mixta con estilo Sandeli.', 38000, '/assets/hamburguesa-mixta.jpg', 40, NOW(), NOW()),
  ('7a579515-95de-997e-3940-67f76618dbb4'::uuid, '9e8821c2-bc4c-0f66-fb9e-59f13d33db83'::uuid, '2e09fe19-d021-4bb3-93c2-c9346a8a56fe'::uuid, 'Hamburguesa de Bondiola', 'Preparacion de Hamburguesa de Bondiola con estilo Sandeli.', 31000, '/assets/brand-board.jpeg', 50, NOW(), NOW()),
  ('0e1fd877-80a4-d42f-4040-b72058b5e312'::uuid, '9e8821c2-bc4c-0f66-fb9e-59f13d33db83'::uuid, '2e09fe19-d021-4bb3-93c2-c9346a8a56fe'::uuid, 'Hamburguesa Gaucha', 'Preparacion de Hamburguesa Gaucha con estilo Sandeli.', 38000, '/assets/hamburguesa-gaucha.jpg', 60, NOW(), NOW()),
  ('a4989417-5f33-03f5-071a-021467321b40'::uuid, '9e8821c2-bc4c-0f66-fb9e-59f13d33db83'::uuid, '2e09fe19-d021-4bb3-93c2-c9346a8a56fe'::uuid, 'Hamburguesa Texana', 'Preparacion de Hamburguesa Texana con estilo Sandeli.', 39000, '/assets/hamburguesa-texana.jpg', 70, NOW(), NOW()),
  ('ceb1d37b-df3e-fc03-9dcb-e6dc1bf6d181'::uuid, '9e8821c2-bc4c-0f66-fb9e-59f13d33db83'::uuid, '2e09fe19-d021-4bb3-93c2-c9346a8a56fe'::uuid, 'Hamburguesa Doble Carne', 'Preparacion de Hamburguesa Doble Carne con estilo Sandeli.', 39000, '/assets/brand-board.jpeg', 80, NOW(), NOW()),
  ('0e145e91-52a4-3793-44f9-9f735b8e7d80'::uuid, '9e8821c2-bc4c-0f66-fb9e-59f13d33db83'::uuid, '57d3d992-7718-6130-691d-d893db095dc1'::uuid, 'Hamburguesa Mixta con tapas de Lechuga', 'Preparacion de Hamburguesa Mixta con tapas de Lechuga con estilo Sandeli.', 37000, '/assets/brand-board.jpeg', 10, NOW(), NOW()),
  ('b0f8f65e-3776-b1ef-b1e0-be84b6d2904a'::uuid, '9e8821c2-bc4c-0f66-fb9e-59f13d33db83'::uuid, '57d3d992-7718-6130-691d-d893db095dc1'::uuid, 'Hamburguesa con tapas de Huevo', 'Preparacion de Hamburguesa con tapas de Huevo con estilo Sandeli.', 37000, '/assets/brand-board.jpeg', 20, NOW(), NOW()),
  ('2320b9ba-8dd4-5ef2-aabb-6eb081f10806'::uuid, '9e8821c2-bc4c-0f66-fb9e-59f13d33db83'::uuid, '57d3d992-7718-6130-691d-d893db095dc1'::uuid, 'Hamburguesa con tapas de Queso Semiduro', 'Preparacion de Hamburguesa con tapas de Queso Semiduro con estilo Sandeli.', 39000, '/assets/brand-board.jpeg', 30, NOW(), NOW()),
  ('95ea197c-0c52-667d-cd14-fed8c85505c3'::uuid, '9170001c-f0ab-93ea-4a15-51d6c254b681'::uuid, NULL, 'Pizza Capresse', 'Preparacion de Pizza Capresse con estilo Sandeli.', 50000, '/assets/brand-board.jpeg', 10, NOW(), NOW()),
  ('81ba8308-0a1b-91ef-bd2f-9dcc003ab95f'::uuid, '9170001c-f0ab-93ea-4a15-51d6c254b681'::uuid, NULL, 'Pizza Sandeli', 'Preparacion de Pizza Sandeli con estilo Sandeli.', 68000, '/assets/brand-board.jpeg', 20, NOW(), NOW()),
  ('7cc0c313-f341-59a2-6035-6fb337716006'::uuid, '9170001c-f0ab-93ea-4a15-51d6c254b681'::uuid, NULL, 'Pizza Gardenia', 'Preparacion de Pizza Gardenia con estilo Sandeli.', 68000, '/assets/brand-board.jpeg', 30, NOW(), NOW()),
  ('b707c946-552d-a80b-91ed-3eb963d1f31d'::uuid, '22bdef24-614b-f46c-2399-bc794f0441f7'::uuid, NULL, 'Parfite', 'Preparacion de Parfite con estilo Sandeli.', 22000, '/assets/brand-board.jpeg', 10, NOW(), NOW()),
  ('c6fbb995-269b-b579-d238-b9b18d3a2d2f'::uuid, '22bdef24-614b-f46c-2399-bc794f0441f7'::uuid, NULL, 'Pie de Limon (Porcion)', 'Preparacion de Pie de Limon (Porcion) con estilo Sandeli.', 17000, '/assets/brand-board.jpeg', 20, NOW(), NOW()),
  ('7409569d-7223-88c2-3b12-fd1cb8ba08b7'::uuid, '22bdef24-614b-f46c-2399-bc794f0441f7'::uuid, NULL, 'Pie de Limon (Completo)', 'Preparacion de Pie de Limon (Completo) con estilo Sandeli.', 90000, '/assets/brand-board.jpeg', 30, NOW(), NOW()),
  ('dd736205-1bbe-c6bb-b154-d288fd22e0ec'::uuid, '22bdef24-614b-f46c-2399-bc794f0441f7'::uuid, NULL, 'Brownie Arequipe y Almendras', 'Preparacion de Brownie Arequipe y Almendras con estilo Sandeli.', 9000, '/assets/brand-board.jpeg', 40, NOW(), NOW()),
  ('a1251a5a-6334-e956-e22d-95b1c7493b34'::uuid, '22bdef24-614b-f46c-2399-bc794f0441f7'::uuid, NULL, 'Brownie full chocolate', 'Preparacion de Brownie full chocolate con estilo Sandeli.', 12000, '/assets/brand-board.jpeg', 50, NOW(), NOW()),
  ('03c34ea6-6098-e6d7-dd31-b5c7bcff2106'::uuid, '22bdef24-614b-f46c-2399-bc794f0441f7'::uuid, NULL, 'Mini Alfajor', 'Preparacion de Mini Alfajor con estilo Sandeli.', 3000, '/assets/brand-board.jpeg', 60, NOW(), NOW()),
  ('df7654b2-ed38-405b-aa72-e4e24bc8f741'::uuid, '22bdef24-614b-f46c-2399-bc794f0441f7'::uuid, NULL, 'Alfajor', 'Preparacion de Alfajor con estilo Sandeli.', 6000, '/assets/brand-board.jpeg', 70, NOW(), NOW()),
  ('1015500a-0691-9e16-9075-3b2fc9768085'::uuid, '22bdef24-614b-f46c-2399-bc794f0441f7'::uuid, NULL, 'Muffins', 'Preparacion de Muffins con estilo Sandeli.', 8000, '/assets/brand-board.jpeg', 80, NOW(), NOW()),
  ('2ab5052e-ec2e-6448-6ea5-e342f63f1b06'::uuid, '22bdef24-614b-f46c-2399-bc794f0441f7'::uuid, NULL, 'Cuchareable Chocoarequipe', 'Preparacion de Cuchareable Chocoarequipe con estilo Sandeli.', 24000, '/assets/brand-board.jpeg', 90, NOW(), NOW()),
  ('c3ef9ed7-e0a1-76ce-96cc-741dd8156268'::uuid, '22bdef24-614b-f46c-2399-bc794f0441f7'::uuid, NULL, 'Cuchareable Victoria', 'Preparacion de Cuchareable Victoria con estilo Sandeli.', 24000, '/assets/brand-board.jpeg', 100, NOW(), NOW()),
  ('4e50bdf5-d110-3eb2-05e0-99a2892034d8'::uuid, '22bdef24-614b-f46c-2399-bc794f0441f7'::uuid, NULL, 'Cuchareable Milky Way', 'Preparacion de Cuchareable Milky Way con estilo Sandeli.', 24000, '/assets/brand-board.jpeg', 110, NOW(), NOW()),
  ('a85eb693-1f72-4ebe-c157-4578d8ed9487'::uuid, '22bdef24-614b-f46c-2399-bc794f0441f7'::uuid, NULL, 'Cuchareable Tres Leches', 'Preparacion de Cuchareable Tres Leches con estilo Sandeli.', 24000, '/assets/brand-board.jpeg', 120, NOW(), NOW()),
  ('8b66e826-dede-d35b-6df6-9da5b5142513'::uuid, '22bdef24-614b-f46c-2399-bc794f0441f7'::uuid, NULL, 'Tartaleta de Frutos Rojos', 'Preparacion de Tartaleta de Frutos Rojos con estilo Sandeli.', 12000, '/assets/brand-board.jpeg', 130, NOW(), NOW()),
  ('d26d5d5f-7935-b23d-28f9-c25714b92e89'::uuid, '22bdef24-614b-f46c-2399-bc794f0441f7'::uuid, NULL, 'Pan de Harina de Avena', 'Preparacion de Pan de Harina de Avena con estilo Sandeli.', 21000, '/assets/brand-board.jpeg', 140, NOW(), NOW()),
  ('910ac74f-2b18-581d-0323-7aad844949e7'::uuid, '22bdef24-614b-f46c-2399-bc794f0441f7'::uuid, NULL, 'Mantecada con Arandanos', 'Preparacion de Mantecada con Arandanos con estilo Sandeli.', 21000, '/assets/brand-board.jpeg', 150, NOW(), NOW()),
  ('de678258-3d71-1ad2-032d-15454ec82993'::uuid, '22bdef24-614b-f46c-2399-bc794f0441f7'::uuid, NULL, 'Mantecada de Almendra y Arroz', 'Preparacion de Mantecada de Almendra y Arroz con estilo Sandeli.', 25000, '/assets/brand-board.jpeg', 160, NOW(), NOW()),
  ('8ed29573-94b5-1a3f-42a5-8f37ca0e366d'::uuid, '2d2910be-69d4-0017-e0de-4ea2e8ac0992'::uuid, NULL, 'Lirio', 'Preparacion de Lirio con estilo Sandeli.', 21000, '/assets/torta-lirio.png', 10, NOW(), NOW()),
  ('d5841564-0564-5fda-0abb-21919fcbddb7'::uuid, '2d2910be-69d4-0017-e0de-4ea2e8ac0992'::uuid, NULL, 'Chocolata', 'Preparacion de Chocolata con estilo Sandeli.', 23000, '/assets/torta-chocolata.png', 20, NOW(), NOW()),
  ('45ae9e35-3054-753f-7b75-a1f752899ab4'::uuid, '2d2910be-69d4-0017-e0de-4ea2e8ac0992'::uuid, NULL, 'Margarita', 'Preparacion de Margarita con estilo Sandeli.', 17000, '/assets/torta-margarita.png', 30, NOW(), NOW()),
  ('39530fb9-6895-c3bf-a4fe-1262a9df428a'::uuid, '2d2910be-69d4-0017-e0de-4ea2e8ac0992'::uuid, NULL, 'Amapola', 'Preparacion de Amapola con estilo Sandeli.', 19000, '/assets/torta-amapola.png', 40, NOW(), NOW()),
  ('f49160bc-143d-3339-92a5-af158e8211bc'::uuid, '2d2910be-69d4-0017-e0de-4ea2e8ac0992'::uuid, NULL, 'Hortensia', 'Preparacion de Hortensia con estilo Sandeli.', 17000, '/assets/torta-hortencia.png', 50, NOW(), NOW()),
  ('8d56efe7-d044-9036-9132-45790d5eb059'::uuid, '2d2910be-69d4-0017-e0de-4ea2e8ac0992'::uuid, NULL, 'Astromelia', 'Preparacion de Astromelia con estilo Sandeli.', 17000, '/assets/torta-astromelia.png', 60, NOW(), NOW()),
  ('5b7a067a-476b-f0c7-8184-8355c2c46ce8'::uuid, '2d2910be-69d4-0017-e0de-4ea2e8ac0992'::uuid, NULL, 'Cataleya', 'Preparacion de Cataleya con estilo Sandeli.', 18000, '/assets/torta-cataleya.png', 70, NOW(), NOW()),
  ('c7d2dfa7-3808-8d22-0822-ce1cf2126101'::uuid, '2d2910be-69d4-0017-e0de-4ea2e8ac0992'::uuid, NULL, 'Camelia', 'Preparacion de Camelia con estilo Sandeli.', 18000, '/assets/torta-camelia.png', 80, NOW(), NOW()),
  ('65727ec7-a482-07f1-4cd3-82398ab46b68'::uuid, '2d2910be-69d4-0017-e0de-4ea2e8ac0992'::uuid, NULL, 'Torta de Pan de Quinoa (Porcion)', 'Preparacion de Torta de Pan de Quinoa (Porcion) con estilo Sandeli.', 9000, '/assets/torta-pan-quinoa-porcion.png', 90, NOW(), NOW()),
  ('2265d89d-0095-0f2c-6830-a03cc6376820'::uuid, '2d2910be-69d4-0017-e0de-4ea2e8ac0992'::uuid, NULL, 'Torta de Pan de Quinoa (Completa)', 'Preparacion de Torta de Pan de Quinoa (Completa) con estilo Sandeli.', 49000, '/assets/torta-pan-quinoa-completa.png', 100, NOW(), NOW()),
  ('d66907fb-ae37-8efd-37f7-9620cb30bbde'::uuid, '8f8b6df1-c22b-6644-29bc-6c4033066f24'::uuid, NULL, 'Soda de Frutos Verdes', 'Preparacion de Soda de Frutos Verdes con estilo Sandeli.', 12000, '/assets/brand-board.jpeg', 10, NOW(), NOW()),
  ('76f1bc0c-71ae-8724-fee5-26f1b47cf414'::uuid, '8f8b6df1-c22b-6644-29bc-6c4033066f24'::uuid, NULL, 'Soda de Frutos Rojos', 'Preparacion de Soda de Frutos Rojos con estilo Sandeli.', 12000, '/assets/brand-board.jpeg', 20, NOW(), NOW()),
  ('2e169aa6-cbc8-93f7-2ccb-bd6014c37bb3'::uuid, '8f8b6df1-c22b-6644-29bc-6c4033066f24'::uuid, NULL, 'Soda de Frutos Amarillos', 'Preparacion de Soda de Frutos Amarillos con estilo Sandeli.', 12000, '/assets/brand-board.jpeg', 30, NOW(), NOW()),
  ('601bcdb9-fb70-e693-cc9d-e07e45c6e440'::uuid, '8f8b6df1-c22b-6644-29bc-6c4033066f24'::uuid, NULL, 'Limonada de Hierbabuena', 'Preparacion de Limonada de Hierbabuena con estilo Sandeli.', 10000, '/assets/brand-board.jpeg', 40, NOW(), NOW()),
  ('354bc382-bf57-7f00-cd54-532f5bf4ff8b'::uuid, '8f8b6df1-c22b-6644-29bc-6c4033066f24'::uuid, NULL, 'Limonada de Jamaica', 'Preparacion de Limonada de Jamaica con estilo Sandeli.', 10000, '/assets/brand-board.jpeg', 50, NOW(), NOW()),
  ('61a40a60-7ab1-61a9-949e-461063818557'::uuid, '8f8b6df1-c22b-6644-29bc-6c4033066f24'::uuid, NULL, 'Limonada de Cafe', 'Preparacion de Limonada de Cafe con estilo Sandeli.', 10000, '/assets/brand-board.jpeg', 60, NOW(), NOW()),
  ('a5cae7d2-b4a0-7fc5-815e-e3a8c4b9b0d3'::uuid, '8f8b6df1-c22b-6644-29bc-6c4033066f24'::uuid, NULL, 'Limonada de Coco', 'Preparacion de Limonada de Coco con estilo Sandeli.', 14000, '/assets/brand-board.jpeg', 70, NOW(), NOW()),
  ('604c26d2-6c47-4684-621e-7e0be8f1c7e5'::uuid, '8f8b6df1-c22b-6644-29bc-6c4033066f24'::uuid, NULL, 'Latte frio', 'Preparacion de Latte frio con estilo Sandeli.', 10000, '/assets/brand-board.jpeg', 80, NOW(), NOW()),
  ('33261f47-64c5-57c0-0d51-736cbf01d5cd'::uuid, '8f8b6df1-c22b-6644-29bc-6c4033066f24'::uuid, NULL, 'Te Chai frio', 'Preparacion de Te Chai frio con estilo Sandeli.', 11000, '/assets/brand-board.jpeg', 90, NOW(), NOW()),
  ('799961c4-05e6-d8a0-d92b-bc7306bed78f'::uuid, '8f8b6df1-c22b-6644-29bc-6c4033066f24'::uuid, NULL, 'Alegria', 'Preparacion de Alegria con estilo Sandeli.', 14000, '/assets/brand-board.jpeg', 100, NOW(), NOW()),
  ('3e086941-5670-903d-491c-f0d3639f2a58'::uuid, '8f8b6df1-c22b-6644-29bc-6c4033066f24'::uuid, NULL, 'Brisa Tropical', 'Preparacion de Brisa Tropical con estilo Sandeli.', 14000, '/assets/brand-board.jpeg', 110, NOW(), NOW()),
  ('3e2b531a-8e46-8b4b-44e1-441c196cf75f'::uuid, '8f8b6df1-c22b-6644-29bc-6c4033066f24'::uuid, NULL, 'Refrescante Equilibrio (Agua)', 'Preparacion de Refrescante Equilibrio (Agua) con estilo Sandeli.', 14000, '/assets/brand-board.jpeg', 120, NOW(), NOW()),
  ('fb0cf617-ff4c-3ef6-3681-6bc8de726b70'::uuid, '8f8b6df1-c22b-6644-29bc-6c4033066f24'::uuid, NULL, 'Refrescante Equilibrio (Soda)', 'Preparacion de Refrescante Equilibrio (Soda) con estilo Sandeli.', 15000, '/assets/brand-board.jpeg', 130, NOW(), NOW()),
  ('ff8179ff-68f4-d445-68e3-2e75b2c9ec87'::uuid, '8f8b6df1-c22b-6644-29bc-6c4033066f24'::uuid, NULL, 'Fresca Vida (Agua)', 'Preparacion de Fresca Vida (Agua) con estilo Sandeli.', 14000, '/assets/brand-board.jpeg', 140, NOW(), NOW()),
  ('5455d0a2-166e-d872-0dad-2f3a1bb2a4cf'::uuid, '8f8b6df1-c22b-6644-29bc-6c4033066f24'::uuid, NULL, 'Fresca Vida (Soda)', 'Preparacion de Fresca Vida (Soda) con estilo Sandeli.', 15000, '/assets/brand-board.jpeg', 150, NOW(), NOW()),
  ('ad81ab3d-197c-bf61-ad33-42102e977b98'::uuid, '8f8b6df1-c22b-6644-29bc-6c4033066f24'::uuid, NULL, 'Salud Brillante (Agua)', 'Preparacion de Salud Brillante (Agua) con estilo Sandeli.', 14000, '/assets/brand-board.jpeg', 160, NOW(), NOW()),
  ('790f5256-af64-df4e-0fc9-3ca8b46d1df0'::uuid, '8f8b6df1-c22b-6644-29bc-6c4033066f24'::uuid, NULL, 'Salud Brillante (Soda)', 'Preparacion de Salud Brillante (Soda) con estilo Sandeli.', 15000, '/assets/brand-board.jpeg', 170, NOW(), NOW()),
  ('202ee89b-d4b1-3152-aeec-b57249feffe6'::uuid, '8f8b6df1-c22b-6644-29bc-6c4033066f24'::uuid, NULL, 'Frappuccino', 'Preparacion de Frappuccino con estilo Sandeli.', 14000, '/assets/brand-board.jpeg', 180, NOW(), NOW()),
  ('ec99e99f-501b-1e1c-b5c9-54d82321c80b'::uuid, '8f8b6df1-c22b-6644-29bc-6c4033066f24'::uuid, NULL, 'Choco Frappe', 'Preparacion de Choco Frappe con estilo Sandeli.', 14000, '/assets/brand-board.jpeg', 190, NOW(), NOW()),
  ('71fc6a9b-d204-007c-a74f-1ac74ab24598'::uuid, '8f8b6df1-c22b-6644-29bc-6c4033066f24'::uuid, NULL, 'Frappe de Vainilla', 'Preparacion de Frappe de Vainilla con estilo Sandeli.', 14000, '/assets/brand-board.jpeg', 200, NOW(), NOW()),
  ('43b65920-1953-b444-f3eb-54d47b82e891'::uuid, '8f8b6df1-c22b-6644-29bc-6c4033066f24'::uuid, NULL, 'Vaso de leche deslactosada', 'Preparacion de Vaso de leche deslactosada con estilo Sandeli.', 4000, '/assets/brand-board.jpeg', 210, NOW(), NOW()),
  ('61a48843-3915-89df-2eed-0f1326bb43d3'::uuid, '8f8b6df1-c22b-6644-29bc-6c4033066f24'::uuid, NULL, 'Malteada de Frutos Rojos', 'Preparacion de Malteada de Frutos Rojos con estilo Sandeli.', 15000, '/assets/brand-board.jpeg', 220, NOW(), NOW()),
  ('97b0772a-07e2-8c61-cf80-2aea154355cb'::uuid, '8f8b6df1-c22b-6644-29bc-6c4033066f24'::uuid, NULL, 'Adicional de leche de almendras', 'Preparacion de Adicional de leche de almendras con estilo Sandeli.', 7000, '/assets/brand-board.jpeg', 230, NOW(), NOW()),
  ('e468801d-d7f7-0af5-5b86-ad508f2fe0cd'::uuid, '8f8b6df1-c22b-6644-29bc-6c4033066f24'::uuid, NULL, 'Agua Hatsu Manantial 600', 'Preparacion de Agua Hatsu Manantial 600 con estilo Sandeli.', 5000, '/assets/brand-board.jpeg', 240, NOW(), NOW()),
  ('98ce02cb-f993-bd89-6370-0e5c2b64174b'::uuid, '8f8b6df1-c22b-6644-29bc-6c4033066f24'::uuid, NULL, 'Soda Bretana', 'Preparacion de Soda Bretana con estilo Sandeli.', 6000, '/assets/brand-board.jpeg', 250, NOW(), NOW()),
  ('5499daeb-a4ea-51c4-6da4-c69a42d69e39'::uuid, 'e0e27c47-4296-671e-f415-66648d4e77fb'::uuid, NULL, 'Helado', 'Preparacion de Helado con estilo Sandeli.', 17000, '/assets/brand-board.jpeg', 10, NOW(), NOW()),
  ('422023b9-b809-6ed2-0b74-832fde19462e'::uuid, 'e0e27c47-4296-671e-f415-66648d4e77fb'::uuid, NULL, 'Helado con Alfajor', 'Preparacion de Helado con Alfajor con estilo Sandeli.', 15000, '/assets/brand-board.jpeg', 20, NOW(), NOW()),
  ('57c6a239-b5b2-8733-3a66-c742cbbea682'::uuid, 'e0e27c47-4296-671e-f415-66648d4e77fb'::uuid, NULL, 'Helado con Galleta de Almendra', 'Preparacion de Helado con Galleta de Almendra con estilo Sandeli.', 25000, '/assets/helado-galleta-almendra.jpg', 30, NOW(), NOW()),
  ('843a0147-4624-b96d-d061-613446e0b7ff'::uuid, 'e0e27c47-4296-671e-f415-66648d4e77fb'::uuid, NULL, 'Helado con Mini Brownie', 'Preparacion de Helado con Mini Brownie con estilo Sandeli.', 17000, '/assets/brand-board.jpeg', 40, NOW(), NOW()),
  ('73f94be8-070f-4e62-ba0a-9fe924e635bd'::uuid, 'e0e27c47-4296-671e-f415-66648d4e77fb'::uuid, NULL, 'Malteada', 'Preparacion de Malteada con estilo Sandeli.', 24000, '/assets/brand-board.jpeg', 50, NOW(), NOW()),
  ('a04577ce-b405-12be-8b55-a4223bb0b1c6'::uuid, '19f0918d-3a00-6338-1f28-fe8b7906bf28'::uuid, NULL, 'Cafe Expresso', 'Preparacion de Cafe Expresso con estilo Sandeli.', 6000, '/assets/brand-board.jpeg', 10, NOW(), NOW()),
  ('f12830bd-d1b0-09d4-a466-f538d41bc702'::uuid, '19f0918d-3a00-6338-1f28-fe8b7906bf28'::uuid, NULL, 'Americano', 'Preparacion de Americano con estilo Sandeli.', 6000, '/assets/brand-board.jpeg', 20, NOW(), NOW()),
  ('f4293674-1529-2b1a-f1da-c5e4ff353cf6'::uuid, '19f0918d-3a00-6338-1f28-fe8b7906bf28'::uuid, NULL, 'Moccachino', 'Preparacion de Moccachino con estilo Sandeli.', 10000, '/assets/brand-board.jpeg', 30, NOW(), NOW()),
  ('6c26b817-15ce-d92a-0031-320921fc663d'::uuid, '19f0918d-3a00-6338-1f28-fe8b7906bf28'::uuid, NULL, 'Capuchino', 'Preparacion de Capuchino con estilo Sandeli.', 9000, '/assets/brand-board.jpeg', 40, NOW(), NOW()),
  ('53a2d3c4-1911-c828-b0dc-26a5cf8839c9'::uuid, '19f0918d-3a00-6338-1f28-fe8b7906bf28'::uuid, NULL, 'Latte', 'Preparacion de Latte con estilo Sandeli.', 9000, '/assets/brand-board.jpeg', 50, NOW(), NOW()),
  ('1d34c3e6-8cb1-1d33-194e-5dd448a4272c'::uuid, '19f0918d-3a00-6338-1f28-fe8b7906bf28'::uuid, NULL, 'Chocolate Caliente', 'Preparacion de Chocolate Caliente con estilo Sandeli.', 9000, '/assets/brand-board.jpeg', 60, NOW(), NOW()),
  ('0c4ee336-340f-1708-9b37-97ff3a4d8684'::uuid, '19f0918d-3a00-6338-1f28-fe8b7906bf28'::uuid, NULL, 'Te digestivo', 'Preparacion de Te digestivo con estilo Sandeli.', 11000, '/assets/brand-board.jpeg', 70, NOW(), NOW()),
  ('5a6437b2-a52d-35c8-288d-2bc56667fa72'::uuid, '19f0918d-3a00-6338-1f28-fe8b7906bf28'::uuid, NULL, 'Leche Dorada', 'Preparacion de Leche Dorada con estilo Sandeli.', 9000, '/assets/brand-board.jpeg', 80, NOW(), NOW()),
  ('991f1e8c-53ab-655a-4b4b-dc5c9eef8998'::uuid, '19f0918d-3a00-6338-1f28-fe8b7906bf28'::uuid, NULL, 'Te Chai Caliente', 'Preparacion de Te Chai Caliente con estilo Sandeli.', 11000, '/assets/brand-board.jpeg', 90, NOW(), NOW()),
  ('8ac351b3-e5d5-3b09-801a-84b177446897'::uuid, '19f0918d-3a00-6338-1f28-fe8b7906bf28'::uuid, NULL, 'Te Matcha Caliente', 'Preparacion de Te Matcha Caliente con estilo Sandeli.', 11000, '/assets/brand-board.jpeg', 100, NOW(), NOW()),
  ('e581cb4f-41d3-9b51-e653-456c426bb799'::uuid, '19f0918d-3a00-6338-1f28-fe8b7906bf28'::uuid, NULL, 'Aromaticas', 'Preparacion de Aromaticas con estilo Sandeli.', 8000, '/assets/brand-board.jpeg', 110, NOW(), NOW()),
  ('af5b0e6d-ba2e-3b7c-8fe1-d9d6cbfd0f1b'::uuid, 'dd1f9449-e456-b531-42af-14251c790387'::uuid, NULL, 'Pan Tajado de Arroz con Quinoa sin Gluten', 'Preparacion de Pan Tajado de Arroz con Quinoa sin Gluten con estilo Sandeli.', 16000, '/assets/brand-board.jpeg', 10, NOW(), NOW()),
  ('8eb992f2-06b5-41c0-6a5e-0d378fa08cc0'::uuid, 'dd1f9449-e456-b531-42af-14251c790387'::uuid, NULL, 'Pan Mogolla de Arroz y Sagu', 'Preparacion de Pan Mogolla de Arroz y Sagu con estilo Sandeli.', 11500, '/assets/brand-board.jpeg', 20, NOW(), NOW()),
  ('460cda42-04e5-b971-a072-5f1cdef6d864'::uuid, 'dd1f9449-e456-b531-42af-14251c790387'::uuid, NULL, 'Pan Mogolla de Arroz con Semillas', 'Preparacion de Pan Mogolla de Arroz con Semillas con estilo Sandeli.', 15000, '/assets/brand-board.jpeg', 30, NOW(), NOW()),
  ('6c9113c5-76a3-c77b-84e5-1b3db4cc67e0'::uuid, 'dd1f9449-e456-b531-42af-14251c790387'::uuid, NULL, 'Pan tipo Perro', 'Preparacion de Pan tipo Perro con estilo Sandeli.', 15000, '/assets/brand-board.jpeg', 40, NOW(), NOW()),
  ('3df5ae5e-82a6-a263-b772-b4a328bd13fa'::uuid, 'dd1f9449-e456-b531-42af-14251c790387'::uuid, NULL, 'Mantequilla Ghee 1000', 'Preparacion de Mantequilla Ghee 1000 con estilo Sandeli.', 85000, '/assets/brand-board.jpeg', 50, NOW(), NOW()),
  ('c56b69be-b675-f0d6-4917-6eeefeda73e3'::uuid, 'dd1f9449-e456-b531-42af-14251c790387'::uuid, NULL, 'Mantequilla Ghee 500', 'Preparacion de Mantequilla Ghee 500 con estilo Sandeli.', 49000, '/assets/brand-board.jpeg', 60, NOW(), NOW()),
  ('4dd7a079-32db-bf98-e1ad-104dfe44b983'::uuid, 'dd1f9449-e456-b531-42af-14251c790387'::uuid, NULL, 'Mantequilla Ghee 250', 'Preparacion de Mantequilla Ghee 250 con estilo Sandeli.', 29000, '/assets/brand-board.jpeg', 70, NOW(), NOW()),
  ('a117c7b0-5957-3def-6184-1ad61b9709cc'::uuid, 'dd1f9449-e456-b531-42af-14251c790387'::uuid, NULL, 'Stevia Liquida 200', 'Preparacion de Stevia Liquida 200 con estilo Sandeli.', 20000, '/assets/brand-board.jpeg', 80, NOW(), NOW()),
  ('afa48410-6692-a539-5ce0-e02d246f22c9'::uuid, 'dd1f9449-e456-b531-42af-14251c790387'::uuid, NULL, 'Stevia Liquida Concentrada 40', 'Preparacion de Stevia Liquida Concentrada 40 con estilo Sandeli.', 25000, '/assets/brand-board.jpeg', 90, NOW(), NOW()),
  ('3b3f6687-0609-4e42-ee22-af8babf1201b'::uuid, 'dd1f9449-e456-b531-42af-14251c790387'::uuid, NULL, 'Monk Fruit Concentrado 30', 'Preparacion de Monk Fruit Concentrado 30 con estilo Sandeli.', 25000, '/assets/brand-board.jpeg', 100, NOW(), NOW()),
  ('f153a2ae-f84e-30ab-182c-42547dec367b'::uuid, 'dd1f9449-e456-b531-42af-14251c790387'::uuid, NULL, 'Monk Fruit Granulado 350', 'Preparacion de Monk Fruit Granulado 350 con estilo Sandeli.', 37000, '/assets/brand-board.jpeg', 110, NOW(), NOW()),
  ('9e86e9dc-1efd-79e5-853e-a5b22c9f7c8a'::uuid, 'dd1f9449-e456-b531-42af-14251c790387'::uuid, NULL, 'Grasa de Cerdo 1000', 'Preparacion de Grasa de Cerdo 1000 con estilo Sandeli.', 41000, '/assets/brand-board.jpeg', 120, NOW(), NOW()),
  ('bcad363c-5d50-2825-f7b2-7b1689b246cf'::uuid, 'dd1f9449-e456-b531-42af-14251c790387'::uuid, NULL, 'Grasa de Cerdo 500', 'Preparacion de Grasa de Cerdo 500 con estilo Sandeli.', 22000, '/assets/brand-board.jpeg', 130, NOW(), NOW()),
  ('d987d940-2dd6-6960-14a7-c7c9c8ffb6ab'::uuid, 'dd1f9449-e456-b531-42af-14251c790387'::uuid, NULL, 'Arepas de Harina de Almendras', 'Preparacion de Arepas de Harina de Almendras con estilo Sandeli.', 22000, '/assets/brand-board.jpeg', 140, NOW(), NOW()),
  ('47271f43-b41b-6362-bcab-755f2fd165d6'::uuid, 'dd1f9449-e456-b531-42af-14251c790387'::uuid, NULL, 'Arepas de Harina de Maiz y Chia', 'Preparacion de Arepas de Harina de Maiz y Chia con estilo Sandeli.', 12000, '/assets/brand-board.jpeg', 150, NOW(), NOW()),
  ('7cb5e620-d66a-99df-36f9-4624adfd06db'::uuid, 'dd1f9449-e456-b531-42af-14251c790387'::uuid, NULL, 'Arepa de Harina de Maiz con Queso', 'Preparacion de Arepa de Harina de Maiz con Queso con estilo Sandeli.', 14000, '/assets/brand-board.jpeg', 160, NOW(), NOW()),
  ('cdf2242f-1ac3-0c6f-797c-8b70b5971251'::uuid, 'dd1f9449-e456-b531-42af-14251c790387'::uuid, NULL, 'Chorizo Artesanal x5', 'Preparacion de Chorizo Artesanal x5 con estilo Sandeli.', 22000, '/assets/brand-board.jpeg', 170, NOW(), NOW()),
  ('50d3246f-85d6-e597-af92-163eb61d29eb'::uuid, 'dd1f9449-e456-b531-42af-14251c790387'::uuid, NULL, 'Chorizo Artesanal 500', 'Preparacion de Chorizo Artesanal 500 con estilo Sandeli.', 16000, '/assets/brand-board.jpeg', 180, NOW(), NOW()),
  ('2f92ad9a-9ebd-df85-635c-767c0ea8724b'::uuid, 'dd1f9449-e456-b531-42af-14251c790387'::uuid, NULL, 'Chorizo Artesanal 250', 'Preparacion de Chorizo Artesanal 250 con estilo Sandeli.', 30000, '/assets/brand-board.jpeg', 190, NOW(), NOW()),
  ('6f974a8a-69c3-2dec-9a78-c8f995f41c23'::uuid, 'dd1f9449-e456-b531-42af-14251c790387'::uuid, NULL, 'Bondiola de Cerdo 250', 'Preparacion de Bondiola de Cerdo 250 con estilo Sandeli.', 20000, '/assets/brand-board.jpeg', 200, NOW(), NOW()),
  ('f248f05e-b760-ac56-37ad-3fdf8a5b2a47'::uuid, 'dd1f9449-e456-b531-42af-14251c790387'::uuid, NULL, 'Bondiola de Cerdo 500', 'Preparacion de Bondiola de Cerdo 500 con estilo Sandeli.', 40000, '/assets/brand-board.jpeg', 210, NOW(), NOW()),
  ('c55bf2a2-7007-ac84-cb67-8b40828b2dca'::uuid, 'dd1f9449-e456-b531-42af-14251c790387'::uuid, NULL, 'Yogurt Griego 500', 'Preparacion de Yogurt Griego 500 con estilo Sandeli.', 16000, '/assets/brand-board.jpeg', 220, NOW(), NOW()),
  ('f9f14549-a2b9-ea47-de78-106a840974c2'::uuid, 'dd1f9449-e456-b531-42af-14251c790387'::uuid, NULL, 'Yogurt Griego 1000', 'Preparacion de Yogurt Griego 1000 con estilo Sandeli.', 30000, '/assets/brand-board.jpeg', 230, NOW(), NOW()),
  ('96054a8b-a947-98f7-d161-0e97de7a6c4d'::uuid, 'dd1f9449-e456-b531-42af-14251c790387'::uuid, NULL, 'Kefir 280', 'Preparacion de Kefir 280 con estilo Sandeli.', 13000, '/assets/brand-board.jpeg', 240, NOW(), NOW()),
  ('2de87d7d-f466-430d-91ad-d9704f0532cb'::uuid, 'dd1f9449-e456-b531-42af-14251c790387'::uuid, NULL, 'Kefir 470', 'Preparacion de Kefir 470 con estilo Sandeli.', 20000, '/assets/brand-board.jpeg', 250, NOW(), NOW()),
  ('770fa51e-2703-dc23-d97a-a292054f2cf7'::uuid, 'dd1f9449-e456-b531-42af-14251c790387'::uuid, NULL, 'Kefir 1000', 'Preparacion de Kefir 1000 con estilo Sandeli.', 31000, '/assets/brand-board.jpeg', 260, NOW(), NOW())
ON CONFLICT (id) DO UPDATE SET
  category_id = EXCLUDED.category_id,
  section_id = EXCLUDED.section_id,
  title = EXCLUDED.title,
  description = EXCLUDED.description,
  price_cop = EXCLUDED.price_cop,
  image_url = EXCLUDED.image_url,
  sort_order = EXCLUDED.sort_order,
  updated_at = NOW();
